Expected_Min_Entropy,Bound_Type,Model,Value
0.1,Lower Bound,PAQ6v2 w/ SSE,0.09968333185
0.1,Mean,PAQ6v2 w/ SSE,0.09970999
0.1,Higher Bound,PAQ6v2 w/ SSE,0.09973664815
0.2,Lower Bound,PAQ6v2 w/ SSE,0.1979729923
0.2,Mean,PAQ6v2 w/ SSE,0.19892698
0.2,Higher Bound,PAQ6v2 w/ SSE,0.1998809677
0.3,Lower Bound,PAQ6v2 w/ SSE,0.3000240793
0.3,Mean,PAQ6v2 w/ SSE,0.30020308
0.3,Higher Bound,PAQ6v2 w/ SSE,0.3003820807
0.4,Lower Bound,PAQ6v2 w/ SSE,0.399677148
0.4,Mean,PAQ6v2 w/ SSE,0.39974151
0.4,Higher Bound,PAQ6v2 w/ SSE,0.399805872
0.5,Lower Bound,PAQ6v2 w/ SSE,0.5000534869
0.5,Mean,PAQ6v2 w/ SSE,0.50011887
0.5,Higher Bound,PAQ6v2 w/ SSE,0.5001842531
0.6,Lower Bound,PAQ6v2 w/ SSE,0.5982616563
0.6,Mean,PAQ6v2 w/ SSE,0.59914341
0.6,Higher Bound,PAQ6v2 w/ SSE,0.6000251637
0.7,Lower Bound,PAQ6v2 w/ SSE,0.6989321469
0.7,Mean,PAQ6v2 w/ SSE,0.69918718
0.7,Higher Bound,PAQ6v2 w/ SSE,0.6994422131
0.8,Lower Bound,PAQ6v2 w/ SSE,0.7993413445
0.8,Mean,PAQ6v2 w/ SSE,0.80091969
0.8,Higher Bound,PAQ6v2 w/ SSE,0.8024980355
0.9,Lower Bound,PAQ6v2 w/ SSE,0.917035938
0.9,Mean,PAQ6v2 w/ SSE,0.9171604
0.9,Higher Bound,PAQ6v2 w/ SSE,0.917284862
1.0,Lower Bound,PAQ6v2 w/ SSE,0.9985764313
1.0,Mean,PAQ6v2 w/ SSE,0.99868921
1.0,Higher Bound,PAQ6v2 w/ SSE,0.9988019887
0.1,Lower Bound,MultiMCW Bit,0.09966417532
0.1,Mean,MultiMCW Bit,0.09969073
0.1,Higher Bound,MultiMCW Bit,0.09971728468
0.2,Lower Bound,MultiMCW Bit,0.1978565832
0.2,Mean,MultiMCW Bit,0.19880746
0.2,Higher Bound,MultiMCW Bit,0.1997583368
0.3,Lower Bound,MultiMCW Bit,0.2995943133
0.3,Mean,MultiMCW Bit,0.29976489
0.3,Higher Bound,MultiMCW Bit,0.2999354667
0.4,Lower Bound,MultiMCW Bit,0.3989503173
0.4,Mean,MultiMCW Bit,0.39901122
0.4,Higher Bound,MultiMCW Bit,0.3990721227
0.5,Lower Bound,MultiMCW Bit,0.4991494865
0.5,Mean,MultiMCW Bit,0.49921434
0.5,Higher Bound,MultiMCW Bit,0.4992791935
0.6,Lower Bound,MultiMCW Bit,0.5972206994
0.6,Mean,MultiMCW Bit,0.59807464
0.6,Higher Bound,MultiMCW Bit,0.5989285806
0.7,Lower Bound,MultiMCW Bit,0.6976746268
0.7,Mean,MultiMCW Bit,0.69790481
0.7,Higher Bound,MultiMCW Bit,0.6981349932
0.8,Lower Bound,MultiMCW Bit,0.7967814826
0.8,Mean,MultiMCW Bit,0.79829849
0.8,Higher Bound,MultiMCW Bit,0.7998154974
0.9,Lower Bound,MultiMCW Bit,0.899387257
0.9,Mean,MultiMCW Bit,0.89948385
0.9,Higher Bound,MultiMCW Bit,0.899580443
1.0,Lower Bound,MultiMCW Bit,0.995416753
1.0,Mean,MultiMCW Bit,0.99727847
1.0,Higher Bound,MultiMCW Bit,0.999140187
0.1,Lower Bound,Lag Bit,0.1529211915
0.1,Mean,Lag Bit,0.15613794
0.1,Higher Bound,Lag Bit,0.1593546885
0.2,Lower Bound,Lag Bit,0.328002844
0.2,Mean,Lag Bit,0.33435753
0.2,Higher Bound,Lag Bit,0.340712216
0.3,Lower Bound,Lag Bit,0.4849532523
0.3,Mean,Lag Bit,0.49462074
0.3,Higher Bound,Lag Bit,0.5042882277
0.4,Lower Bound,Lag Bit,0.6309745386
0.4,Mean,Lag Bit,0.63894721
0.4,Higher Bound,Lag Bit,0.6469198814
0.5,Lower Bound,Lag Bit,0.7483892387
0.5,Mean,Lag Bit,0.75589821
0.5,Higher Bound,Lag Bit,0.7634071813
0.6,Lower Bound,Lag Bit,0.8543661684
0.6,Mean,Lag Bit,0.85672946
0.6,Higher Bound,Lag Bit,0.8590927516
0.7,Lower Bound,Lag Bit,0.9214555236
0.7,Mean,Lag Bit,0.92241594
0.7,Higher Bound,Lag Bit,0.9233763564
0.8,Lower Bound,Lag Bit,0.9615597953
0.8,Mean,Lag Bit,0.96466563
0.8,Higher Bound,Lag Bit,0.9677714647
0.9,Lower Bound,Lag Bit,0.9881542393
0.9,Mean,Lag Bit,0.9901884
0.9,Higher Bound,Lag Bit,0.9922225607
1.0,Lower Bound,Lag Bit,0.9950371531
1.0,Mean,Lag Bit,0.99692931
1.0,Higher Bound,Lag Bit,0.9988214669
0.1,Lower Bound,Multi Markov Model Bit,0.09966446054
0.1,Mean,Multi Markov Model Bit,0.09969101
0.1,Higher Bound,Multi Markov Model Bit,0.09971755946
0.2,Lower Bound,Multi Markov Model Bit,0.1978570022
0.2,Mean,Multi Markov Model Bit,0.19880789
0.2,Higher Bound,Multi Markov Model Bit,0.1997587778
0.3,Lower Bound,Multi Markov Model Bit,0.2995946799
0.3,Mean,Multi Markov Model Bit,0.29976524
0.3,Higher Bound,Multi Markov Model Bit,0.2999358001
0.4,Lower Bound,Multi Markov Model Bit,0.3989461392
0.4,Mean,Multi Markov Model Bit,0.39900696
0.4,Higher Bound,Multi Markov Model Bit,0.3990677808
0.5,Lower Bound,Multi Markov Model Bit,0.4991151737
0.5,Mean,Multi Markov Model Bit,0.49917997
0.5,Higher Bound,Multi Markov Model Bit,0.4992447663
0.6,Lower Bound,Multi Markov Model Bit,0.5971880917
0.6,Mean,Multi Markov Model Bit,0.59804117
0.6,Higher Bound,Multi Markov Model Bit,0.5988942483
0.7,Lower Bound,Multi Markov Model Bit,0.6975969853
0.7,Mean,Multi Markov Model Bit,0.69782563
0.7,Higher Bound,Multi Markov Model Bit,0.6980542747
0.8,Lower Bound,Multi Markov Model Bit,0.7966172513
0.8,Mean,Multi Markov Model Bit,0.79813037
0.8,Higher Bound,Multi Markov Model Bit,0.7996434887
0.9,Lower Bound,Multi Markov Model Bit,0.8986632716
0.9,Mean,Multi Markov Model Bit,0.8987599
0.9,Higher Bound,Multi Markov Model Bit,0.8988565284
1.0,Lower Bound,Multi Markov Model Bit,0.9977447996
1.0,Mean,Multi Markov Model Bit,0.99823223
1.0,Higher Bound,Multi Markov Model Bit,0.9987196604
0.1,Lower Bound,LZ78Y bit,0.09966443502
0.1,Mean,LZ78Y bit,0.09969098
0.1,Higher Bound,LZ78Y bit,0.09971752498
0.2,Lower Bound,LZ78Y bit,0.1978569727
0.2,Mean,LZ78Y bit,0.19880786
0.2,Higher Bound,LZ78Y bit,0.1997587473
0.3,Lower Bound,LZ78Y bit,0.2995947219
0.3,Mean,LZ78Y bit,0.29976529
0.3,Higher Bound,LZ78Y bit,0.2999358581
0.4,Lower Bound,LZ78Y bit,0.3989461987
0.4,Mean,LZ78Y bit,0.39900701
0.4,Higher Bound,LZ78Y bit,0.3990678213
0.5,Lower Bound,LZ78Y bit,0.4991151199
0.5,Mean,LZ78Y bit,0.49917993
0.5,Higher Bound,LZ78Y bit,0.4992447401
0.6,Lower Bound,LZ78Y bit,0.5971879854
0.6,Mean,LZ78Y bit,0.59804106
0.6,Higher Bound,LZ78Y bit,0.5988941346
0.7,Lower Bound,LZ78Y bit,0.6975965205
0.7,Mean,LZ78Y bit,0.69782516
0.7,Higher Bound,LZ78Y bit,0.6980537995
0.8,Lower Bound,LZ78Y bit,0.7966161601
0.8,Mean,LZ78Y bit,0.79812925
0.8,Higher Bound,LZ78Y bit,0.7996423399
0.9,Lower Bound,LZ78Y bit,0.8986588324
0.9,Mean,LZ78Y bit,0.89875538
0.9,Higher Bound,LZ78Y bit,0.8988519276
1.0,Lower Bound,LZ78Y bit,0.9970407982
1.0,Mean,LZ78Y bit,0.99803728
1.0,Higher Bound,LZ78Y bit,0.9990337618
0.1,Lower Bound,Bitwise Char Model,0.09973223735
0.1,Mean,Bitwise Char Model,0.09975889
0.1,Higher Bound,Bitwise Char Model,0.09978554265
0.2,Lower Bound,Bitwise Char Model,0.1980773639
0.2,Mean,Bitwise Char Model,0.19903414
0.2,Higher Bound,Bitwise Char Model,0.1999909161
0.3,Lower Bound,Bitwise Char Model,0.3004723364
0.3,Mean,Bitwise Char Model,0.30066263
0.3,Higher Bound,Bitwise Char Model,0.3008529236
0.4,Lower Bound,Bitwise Char Model,0.4003054488
0.4,Mean,Bitwise Char Model,0.40037863
0.4,Higher Bound,Bitwise Char Model,0.4004518112
0.5,Lower Bound,Bitwise Char Model,0.5013787102
0.5,Mean,Bitwise Char Model,0.50145405
0.5,Higher Bound,Bitwise Char Model,0.5015293898
0.6,Lower Bound,Bitwise Char Model,0.6011282182
0.6,Mean,Bitwise Char Model,0.6020877
0.6,Higher Bound,Bitwise Char Model,0.6030471818
0.7,Lower Bound,Bitwise Char Model,0.7088369941
0.7,Mean,Bitwise Char Model,0.70929458
0.7,Higher Bound,Bitwise Char Model,0.7097521659
0.8,Lower Bound,Bitwise Char Model,0.8314314543
0.8,Mean,Bitwise Char Model,0.83363748
0.8,Higher Bound,Bitwise Char Model,0.8358435057
0.9,Lower Bound,Bitwise Char Model,0.9453065799
0.9,Mean,Bitwise Char Model,0.94646307
0.9,Higher Bound,Bitwise Char Model,0.9476195601
1.0,Lower Bound,Bitwise Char Model,0.9941954809
1.0,Mean,Bitwise Char Model,0.99661105
1.0,Higher Bound,Bitwise Char Model,0.9990266191
0.1,Lower Bound,Char Rev Model,0.09968318955
0.1,Mean,Char Rev Model,0.09970983
0.1,Higher Bound,Char Rev Model,0.09973647045
0.2,Lower Bound,Char Rev Model,0.1979728465
0.2,Mean,Char Rev Model,0.19892683
0.2,Higher Bound,Char Rev Model,0.1998808135
0.3,Lower Bound,Char Rev Model,0.3000232447
0.3,Mean,Char Rev Model,0.30020225
0.3,Higher Bound,Char Rev Model,0.3003812553
0.4,Lower Bound,Char Rev Model,0.3996764389
0.4,Mean,Char Rev Model,0.39974071
0.4,Higher Bound,Char Rev Model,0.3998049811
0.5,Lower Bound,Char Rev Model,0.5000526119
0.5,Mean,Char Rev Model,0.50011835
0.5,Higher Bound,Char Rev Model,0.5001840881
0.6,Lower Bound,Char Rev Model,0.5982624641
0.6,Mean,Char Rev Model,0.59914427
0.6,Higher Bound,Char Rev Model,0.6000260759
0.7,Lower Bound,Char Rev Model,0.6989339577
0.7,Mean,Char Rev Model,0.69918908
0.7,Higher Bound,Char Rev Model,0.6994442023
0.8,Lower Bound,Char Rev Model,0.799342802
0.8,Mean,Char Rev Model,0.80092121
0.8,Higher Bound,Char Rev Model,0.802499618
0.9,Lower Bound,Char Rev Model,0.9157910023
0.9,Mean,Char Rev Model,0.91658577
0.9,Higher Bound,Char Rev Model,0.9173805377
1.0,Lower Bound,Char Rev Model,0.9982431655
1.0,Mean,Char Rev Model,0.99854489
1.0,Higher Bound,Char Rev Model,0.9988466145
0.1,Lower Bound,BiasAware Char Model,0.09968328109
0.1,Mean,BiasAware Char Model,0.09970987
0.1,Higher Bound,BiasAware Char Model,0.09973645891
0.2,Lower Bound,BiasAware Char Model,0.1979517223
0.2,Mean,BiasAware Char Model,0.19890514
0.2,Higher Bound,BiasAware Char Model,0.1998585577
0.3,Lower Bound,BiasAware Char Model,0.2998988719
0.3,Mean,BiasAware Char Model,0.30007546
0.3,Higher Bound,BiasAware Char Model,0.3002520481
0.4,Lower Bound,BiasAware Char Model,0.3993687282
0.4,Mean,BiasAware Char Model,0.39943083
0.4,Higher Bound,BiasAware Char Model,0.3994929318
0.5,Lower Bound,BiasAware Char Model,0.4996374746
0.5,Mean,BiasAware Char Model,0.49970221
0.5,Higher Bound,BiasAware Char Model,0.4997669454
0.6,Lower Bound,BiasAware Char Model,0.5978273646
0.6,Mean,BiasAware Char Model,0.5986975
0.6,Higher Bound,BiasAware Char Model,0.5995676354
0.7,Lower Bound,BiasAware Char Model,0.6985571413
0.7,Mean,BiasAware Char Model,0.69880473
0.7,Higher Bound,BiasAware Char Model,0.6990523187
0.8,Lower Bound,BiasAware Char Model,0.7990285628
0.8,Mean,BiasAware Char Model,0.80059937
0.8,Higher Bound,BiasAware Char Model,0.8021701772
0.9,Lower Bound,BiasAware Char Model,0.9167176518
0.9,Mean,BiasAware Char Model,0.91683835
0.9,Higher Bound,BiasAware Char Model,0.9169590482
1.0,Lower Bound,BiasAware Char Model,0.9982517312
1.0,Mean,BiasAware Char Model,0.99855449
1.0,Higher Bound,BiasAware Char Model,0.9988572488
0.1,Lower Bound,CharComplement Model,0.09969972622
0.1,Mean,CharComplement Model,0.09972634
0.1,Higher Bound,CharComplement Model,0.09975295378
0.2,Lower Bound,CharComplement Model,0.1979903847
0.2,Mean,CharComplement Model,0.19894484
0.2,Higher Bound,CharComplement Model,0.1998992953
0.3,Lower Bound,CharComplement Model,0.3000529825
0.3,Mean,CharComplement Model,0.30023263
0.3,Higher Bound,CharComplement Model,0.3004122775
0.4,Lower Bound,CharComplement Model,0.3997017319
0.4,Mean,CharComplement Model,0.39976609
0.4,Higher Bound,CharComplement Model,0.3998304481
0.5,Lower Bound,CharComplement Model,0.5000711158
0.5,Mean,CharComplement Model,0.50013637
0.5,Higher Bound,CharComplement Model,0.5002016242
0.6,Lower Bound,CharComplement Model,0.5982694212
0.6,Mean,CharComplement Model,0.59915141
0.6,Higher Bound,CharComplement Model,0.6000333988
0.7,Lower Bound,CharComplement Model,0.6989234959
0.7,Mean,CharComplement Model,0.69917849
0.7,Higher Bound,CharComplement Model,0.6994334841
0.8,Lower Bound,CharComplement Model,0.7993169062
0.8,Mean,CharComplement Model,0.80089474
0.8,Higher Bound,CharComplement Model,0.8024725738
0.9,Lower Bound,CharComplement Model,0.9158167975
0.9,Mean,CharComplement Model,0.91661239
0.9,Higher Bound,CharComplement Model,0.9174079825
1.0,Lower Bound,CharComplement Model,0.9982754478
1.0,Mean,CharComplement Model,0.99857631
1.0,Higher Bound,CharComplement Model,0.9988771722
0.1,Lower Bound,MatchChar Model,0.1000126316
0.1,Mean,MatchChar Model,0.1000393
0.1,Higher Bound,MatchChar Model,0.1000659684
0.2,Lower Bound,MatchChar Model,0.1982036373
0.2,Mean,MatchChar Model,0.19916382
0.2,Higher Bound,MatchChar Model,0.2001240027
0.3,Lower Bound,MatchChar Model,0.3001831286
0.3,Mean,MatchChar Model,0.30036553
0.3,Higher Bound,MatchChar Model,0.3005479314
0.4,Lower Bound,MatchChar Model,0.3994944315
0.4,Mean,MatchChar Model,0.39955708
0.4,Higher Bound,MatchChar Model,0.3996197285
0.5,Lower Bound,MatchChar Model,0.4996462097
0.5,Mean,MatchChar Model,0.49971106
0.5,Higher Bound,MatchChar Model,0.4997759103
0.6,Lower Bound,MatchChar Model,0.597834607
0.6,Mean,MatchChar Model,0.59870498
0.6,Higher Bound,MatchChar Model,0.599575353
0.7,Lower Bound,MatchChar Model,0.6986146166
0.7,Mean,MatchChar Model,0.69886334
0.7,Higher Bound,MatchChar Model,0.6991120634
0.8,Lower Bound,MatchChar Model,0.7993113568
0.8,Mean,MatchChar Model,0.800889
0.8,Higher Bound,MatchChar Model,0.8024666432
0.9,Lower Bound,MatchChar Model,0.9183086499
0.9,Mean,MatchChar Model,0.91843319
0.9,Higher Bound,MatchChar Model,0.9185577301
1.0,Lower Bound,MatchChar Model,0.9972212076
1.0,Mean,MatchChar Model,0.99818091
1.0,Higher Bound,MatchChar Model,0.9991406124
0.1,Lower Bound,All Models (MEM=6),0.09967309195
0.1,Mean,All Models (MEM=6),0.0996996
0.1,Higher Bound,All Models (MEM=6),0.09972610805
0.2,Lower Bound,All Models (MEM=6),0.1978911991
0.2,Mean,All Models (MEM=6),0.198843
0.2,Higher Bound,All Models (MEM=6),0.1997948009
0.3,Lower Bound,All Models (MEM=6),0.2997911342
0.3,Mean,All Models (MEM=6),0.29996548
0.3,Higher Bound,All Models (MEM=6),0.3001398258
0.4,Lower Bound,All Models (MEM=6),0.3994850346
0.4,Mean,All Models (MEM=6),0.39954789
0.4,Higher Bound,All Models (MEM=6),0.3996107454
0.5,Lower Bound,All Models (MEM=6),0.5002172364
0.5,Mean,All Models (MEM=6),0.50028238
0.5,Higher Bound,All Models (MEM=6),0.5003475236
0.6,Lower Bound,All Models (MEM=6),0.5992315705
0.6,Mean,All Models (MEM=6),0.60013955
0.6,Higher Bound,All Models (MEM=6),0.6010475295
0.7,Lower Bound,All Models (MEM=6),0.7024309269
0.7,Mean,All Models (MEM=6),0.70275713
0.7,Higher Bound,All Models (MEM=6),0.7030833331
0.8,Lower Bound,All Models (MEM=6),0.8155168003
0.8,Mean,All Models (MEM=6),0.81739702
0.8,Higher Bound,All Models (MEM=6),0.8192772397
0.9,Lower Bound,All Models (MEM=6),0.9395275204
0.9,Mean,All Models (MEM=6),0.93964346
0.9,Higher Bound,All Models (MEM=6),0.9397593996
1.0,Lower Bound,All Models (MEM=6),0.9942355005
1.0,Mean,All Models (MEM=6),0.99698986
1.0,Higher Bound,All Models (MEM=6),0.9997442195
0.1,Lower Bound,Default Predictors,0.05744068433
0.1,Mean,Default Predictors,0.05745618
0.1,Higher Bound,Default Predictors,0.05747167567
0.2,Lower Bound,Default Predictors,0.1139634645
0.2,Mean,Default Predictors,0.11398955
0.2,Higher Bound,Default Predictors,0.1140156355
0.3,Lower Bound,Default Predictors,0.174572654
0.3,Mean,Default Predictors,0.17460611
0.3,Higher Bound,Default Predictors,0.174639566
0.4,Lower Bound,Default Predictors,0.239605002
0.4,Mean,Default Predictors,0.23965498
0.4,Higher Bound,Default Predictors,0.239704958
0.5,Lower Bound,Default Predictors,0.3122523852
0.5,Mean,Default Predictors,0.31231437
0.5,Higher Bound,Default Predictors,0.3123763548
0.6,Lower Bound,Default Predictors,0.3935792942
0.6,Mean,Default Predictors,0.39366006
0.6,Higher Bound,Default Predictors,0.3937408258
0.7,Lower Bound,Default Predictors,0.4880648225
0.7,Mean,Default Predictors,0.48821144
0.7,Higher Bound,Default Predictors,0.4883580575
0.8,Lower Bound,Default Predictors,0.6040709506
0.8,Mean,Default Predictors,0.60432209
0.8,Higher Bound,Default Predictors,0.6045732294
0.9,Lower Bound,Default Predictors,0.7518791593
0.9,Mean,Default Predictors,0.7525374
0.9,Higher Bound,Default Predictors,0.7531956407
1.0,Lower Bound,Default Predictors,0.9043016485
1.0,Mean,Default Predictors,0.90747906
1.0,Higher Bound,Default Predictors,0.9106564715
